<?xml version="1.0" encoding="UTF-8" standalone="no"?><sum1:RegistroAlta xmlns:sum1="https://www2.agenciatributaria.gob.es/static_files/common/internet/dep/aplicaciones/es/aeat/tike/cont/ws/SuministroInformacion.xsd">
	<sum1:IDVersion>1.0</sum1:IDVersion>
	<sum1:IDFactura>
		<sum1:IDEmisorFactura>89890001K</sum1:IDEmisorFactura>
		<sum1:NumSerieFactura>12345678-G66</sum1:NumSerieFactura>
		<sum1:FechaExpedicionFactura>03-02-2025</sum1:FechaExpedicionFactura>
	</sum1:IDFactura>
	<sum1:NombreRazonEmisor>certificado uno telematicas</sum1:NombreRazonEmisor>
	<sum1:Subsanacion>N</sum1:Subsanacion>
	<sum1:RechazoPrevio>N</sum1:RechazoPrevio>
	<sum1:TipoFactura>R3</sum1:TipoFactura>
	<sum1:TipoRectificativa>I</sum1:TipoRectificativa>
	<sum1:FacturasRectificadas>
		<sum1:IDFacturaRectificada>
			<sum1:IDEmisorFactura>89890001K</sum1:IDEmisorFactura>
			<sum1:NumSerieFactura>12345600-G66</sum1:NumSerieFactura>
			<sum1:FechaExpedicionFactura>01-04-2024</sum1:FechaExpedicionFactura>
		</sum1:IDFacturaRectificada>
	</sum1:FacturasRectificadas>
	<sum1:FechaOperacion>03-02-2025</sum1:FechaOperacion>
	<sum1:DescripcionOperacion>fecha entrega</sum1:DescripcionOperacion>
	<sum1:Destinatarios>
		<sum1:IDDestinatario>
			<sum1:NombreRazon>certificado dos telematicas</sum1:NombreRazon>
			<sum1:NIF>89890002E</sum1:NIF>
		</sum1:IDDestinatario>
	</sum1:Destinatarios>
	<sum1:Desglose>
		<sum1:DetalleDesglose>
			<sum1:ClaveRegimen>01</sum1:ClaveRegimen>
			<sum1:CalificacionOperacion>S1</sum1:CalificacionOperacion>
			<sum1:TipoImpositivo>4</sum1:TipoImpositivo>
			<sum1:BaseImponibleOimporteNoSujeto>10</sum1:BaseImponibleOimporteNoSujeto>
			<sum1:CuotaRepercutida>0.4</sum1:CuotaRepercutida>
		</sum1:DetalleDesglose>
		<sum1:DetalleDesglose>
			<sum1:ClaveRegimen>01</sum1:ClaveRegimen>
			<sum1:CalificacionOperacion>S1</sum1:CalificacionOperacion>
			<sum1:TipoImpositivo>21</sum1:TipoImpositivo>
			<sum1:BaseImponibleOimporteNoSujeto>100</sum1:BaseImponibleOimporteNoSujeto>
			<sum1:CuotaRepercutida>21</sum1:CuotaRepercutida>
		</sum1:DetalleDesglose>
		<sum1:DetalleDesglose>
			<sum1:ClaveRegimen>05</sum1:ClaveRegimen>
			<sum1:CalificacionOperacion>S1</sum1:CalificacionOperacion>
			<sum1:TipoImpositivo>10</sum1:TipoImpositivo>
			<sum1:BaseImponibleOimporteNoSujeto>100</sum1:BaseImponibleOimporteNoSujeto>
			<sum1:CuotaRepercutida>10</sum1:CuotaRepercutida>
		</sum1:DetalleDesglose>
	</sum1:Desglose>
	<sum1:CuotaTotal>41.4</sum1:CuotaTotal>
	<sum1:ImporteTotal>241.4</sum1:ImporteTotal>
	<sum1:Encadenamiento>
		<sum1:RegistroAnterior>
			<sum1:IDEmisorFactura>89890001K</sum1:IDEmisorFactura>
			<sum1:NumSerieFactura>12345677-G33</sum1:NumSerieFactura>
			<sum1:FechaExpedicionFactura>15-04-2024</sum1:FechaExpedicionFactura>
			<sum1:Huella>C9AF4AF1EF5EBBA700350DE3EEF12C2D355C56AC56F13DB2A25E0031BD2B7ED5</sum1:Huella>
		</sum1:RegistroAnterior>
	</sum1:Encadenamiento>
	<sum1:SistemaInformatico>
		<sum1:NombreRazon>CERTIFICADO UNO TELEMATICAS</sum1:NombreRazon>
		<sum1:NIF>89890001K</sum1:NIF>
		<sum1:NombreSistemaInformatico>NombreSistemaInformatico</sum1:NombreSistemaInformatico>
		<sum1:IdSistemaInformatico>77</sum1:IdSistemaInformatico>
		<sum1:Version>1.0.03</sum1:Version>
		<sum1:NumeroInstalacion>383</sum1:NumeroInstalacion>
		<sum1:TipoUsoPosibleSoloVerifactu>S</sum1:TipoUsoPosibleSoloVerifactu>
		<sum1:TipoUsoPosibleMultiOT>N</sum1:TipoUsoPosibleMultiOT>
		<sum1:IndicadorMultiplesOT>N</sum1:IndicadorMultiplesOT>
	</sum1:SistemaInformatico>
	<sum1:FechaHoraHusoGenRegistro>2025-02-03T14:30:00+01:00</sum1:FechaHoraHusoGenRegistro>
	<sum1:TipoHuella>01</sum1:TipoHuella>
	<sum1:Huella>FF954378B64ED331A9B2366AD317D86E9DEC1716B12DD0ACCB172A6DC4C105AA</sum1:Huella>
<ds:Signature xmlns:ds="http://www.w3.org/2000/09/xmldsig#" Id="xmldsig-90637596-e368-4bd0-bcf8-d9a7be617d9a">
<ds:SignedInfo>
<ds:CanonicalizationMethod Algorithm="http://www.w3.org/TR/2001/REC-xml-c14n-20010315"/>
<ds:SignatureMethod Algorithm="http://www.w3.org/2001/04/xmldsig-more#rsa-sha256"/>
<ds:Reference Id="xmldsig-90637596-e368-4bd0-bcf8-d9a7be617d9a-ref0" URI="">
<ds:Transforms>
<ds:Transform Algorithm="http://www.w3.org/2000/09/xmldsig#enveloped-signature"/>
</ds:Transforms>
<ds:DigestMethod Algorithm="http://www.w3.org/2001/04/xmlenc#sha256"/>
<ds:DigestValue>89qWVKHvtwa2CijR5a+DLFjRkqNjKRiz7fClSu1w0Mk=</ds:DigestValue>
</ds:Reference>
<ds:Reference Type="http://uri.etsi.org/01903#SignedProperties" URI="#xmldsig-90637596-e368-4bd0-bcf8-d9a7be617d9a-signedprops">
<ds:Transforms>
<ds:Transform Algorithm="http://www.w3.org/TR/2001/REC-xml-c14n-20010315"/>
</ds:Transforms>
<ds:DigestMethod Algorithm="http://www.w3.org/2001/04/xmlenc#sha256"/>
<ds:DigestValue>7K+GICWKtBQtcs79MHxeWvN+U184qNGGbiXIcA4P6no=</ds:DigestValue>
</ds:Reference>
</ds:SignedInfo>
<ds:SignatureValue Id="xmldsig-90637596-e368-4bd0-bcf8-d9a7be617d9a-sigvalue">
ruvN8lGx0knqU7CIZmi82ez7kmAsgt7LPE1LW2j13kA5++PLthWqKkG90WpOFTtg1I1feBAeenCv&#13;
SOxAfWGIwUAkSZNiU5xtS9QpLtdfetXLBgTz1EHkJRMET6X6MqJVWHvFgsLz6lYESYcO0UpEQNh1&#13;
2D7K1sv/jQFfzTnW4Jvnq1iaDI+9XsV+jaJoHLOb3+iXgenMsmoMUvXrLv76LGpQLLsO7TIOSmb9&#13;
tR13r3zqElBEs3nGvZZ1v7QkvUBRWARjx8fBMW08hF8P1ZwCgqolKvGURycG6zR73euNUZTqUUqk&#13;
os/lwTqVeGsONhwNOTZgwdYvk7EXYFaNSyEeMw==
</ds:SignatureValue>
<ds:KeyInfo>
<ds:X509Data>
<ds:X509Certificate>
MIIHajCCBlKgAwIBAgIQPDf81x29SspiXnp+j82FwTANBgkqhkiG9w0BAQsFADBLMQswCQYDVQQG&#13;
EwJFUzERMA8GA1UECgwIRk5NVC1SQ00xDjAMBgNVBAsMBUNlcmVzMRkwFwYDVQQDDBBBQyBGTk1U&#13;
IFVzdWFyaW9zMB4XDTIyMDQxOTA5MDE1MFoXDTI2MDQxOTA5MDE1MFowgYkxCzAJBgNVBAYTAkVT&#13;
MRgwFgYDVQQFEw9JRENFUy04OTg5MDAwMUsxFDASBgNVBCoMC1RFTEVNQVRJQ0FTMRgwFgYDVQQE&#13;
DA9DRVJUSUZJQ0FETyBVTk8xMDAuBgNVBAMMJ0NFUlRJRklDQURPIFVOTyBURUxFTUFUSUNBUyAt&#13;
IDg5ODkwMDAxSzCCASIwDQYJKoZIhvcNAQEBBQADggEPADCCAQoCggEBAL31wojJZfH476polUyK&#13;
SHrQuYdPfspkmiLT43l6uHoCCTaSKf2mg6028rkF6LV3iuRLpkkm43Otxb/aCt1GG5rTaymE9ZGy&#13;
zdNkaPchIx46pX1b+sRs5hQL0ZHu5FXrq95Hq2FnjjJxT8/LeDPnBnHgpwqNEVutOX//fmcu8ljs&#13;
SmFmsER68wnkj3DjBFIKvF8gz1bk11nTIfkiz8VUsLiIG9KYAT/P5A9gaLxCUiwtRFXdAI3QceEt&#13;
A/nt9f/xnvlx9HuRS92Gs6BILJrhpA0kgwqwA1Bzku3/j9IabcN78MTIjmw6QE0FjuDYH+j9LP3o&#13;
U+1AcE+CQGFNcMe1pO0CAwEAAaOCBAkwggQFMHMGA1UdEQRsMGqkaDBmMRgwFgYJKwYBBAGsZgEE&#13;
DAk4OTg5MDAwMUsxEjAQBgkrBgEEAaxmAQMMA1VOTzEaMBgGCSsGAQQBrGYBAgwLQ0VSVElGSUNB&#13;
RE8xGjAYBgkrBgEEAaxmAQEMC1RFTEVNQVRJQ0FTMAwGA1UdEwEB/wQCMAAwDgYDVR0PAQH/BAQD&#13;
AgXgMB0GA1UdJQQWMBQGCCsGAQUFBwMEBggrBgEFBQcDAjAdBgNVHQ4EFgQUc6cngtAXH44hLlWw&#13;
e3c+9oB21CcwHwYDVR0jBBgwFoAUsdRPxCN5+kQFCcbrOc/oNbC4IGQwgYIGCCsGAQUFBwEBBHYw&#13;
dDA9BggrBgEFBQcwAYYxaHR0cDovL29jc3B1c3UuY2VydC5mbm10LmVzL29jc3B1c3UvT2NzcFJl&#13;
c3BvbmRlcjAzBggrBgEFBQcwAoYnaHR0cDovL3d3dy5jZXJ0LmZubXQuZXMvY2VydHMvQUNVU1Uu&#13;
Y3J0MIIBFQYDVR0gBIIBDDCCAQgwgfoGCisGAQQBrGYDCgEwgeswKQYIKwYBBQUHAgEWHWh0dHA6&#13;
Ly93d3cuY2VydC5mbm10LmVzL2RwY3MvMIG9BggrBgEFBQcCAjCBsAyBrUNlcnRpZmljYWRvIGN1&#13;
YWxpZmljYWRvIGRlIGZpcm1hIGVsZWN0csOzbmljYS4gU3VqZXRvIGEgbGFzIGNvbmRpY2lvbmVz&#13;
IGRlIHVzbyBleHB1ZXN0YXMgZW4gbGEgRFBDIGRlIGxhIEZOTVQtUkNNIGNvbiBOSUY6IFEyODI2&#13;
MDA0LUogKEMvSm9yZ2UgSnVhbiAxMDYtMjgwMDktTWFkcmlkLUVzcGHDsWEpMAkGBwQAi+xAAQAw&#13;
gboGCCsGAQUFBwEDBIGtMIGqMAgGBgQAjkYBATALBgYEAI5GAQMCAQ8wEwYGBACORgEGMAkGBwQA&#13;
jkYBBgEwfAYGBACORgEFMHIwNxYxaHR0cHM6Ly93d3cuY2VydC5mbm10LmVzL3Bkcy9QRFNBQ1Vz&#13;
dWFyaW9zX2VzLnBkZhMCZXMwNxYxaHR0cHM6Ly93d3cuY2VydC5mbm10LmVzL3Bkcy9QRFNBQ1Vz&#13;
dWFyaW9zX2VuLnBkZhMCZW4wgbUGA1UdHwSBrTCBqjCBp6CBpKCBoYaBnmxkYXA6Ly9sZGFwdXN1&#13;
LmNlcnQuZm5tdC5lcy9jbj1DUkw1NTY1LGNuPUFDJTIwRk5NVCUyMFVzdWFyaW9zLG91PUNFUkVT&#13;
LG89Rk5NVC1SQ00sYz1FUz9jZXJ0aWZpY2F0ZVJldm9jYXRpb25MaXN0O2JpbmFyeT9iYXNlP29i&#13;
amVjdGNsYXNzPWNSTERpc3RyaWJ1dGlvblBvaW50MA0GCSqGSIb3DQEBCwUAA4IBAQB6G4pvDN+4&#13;
IwHgP3cy0NPrK5ZmDr8nhFy4RoBu/yonPdhQax8i7e7PxpEAu3+Tn8E2DLqmjE7X84RIZIzE9PCJ&#13;
YHe+m5+FA1QBhP7hsL2OXrm3NTAXNYyA/C33t7w2tEbSIqgFrSuXrkDhYuUeSPscdEWJP/rYJ7xb&#13;
mFhYUA/An9kDWOvyvJ1aPdcF7cwp15dhYMvHky9HpVc82lBjJCbppUoaywPxoKj92/BV4fpNT2eT&#13;
Fp00XpJs1o5gfcAUu+6WegTX7kG8Peej9vuE67uZTWZhUu/F4YZXFzjq24uml42VlhZ+OmCMx6/e&#13;
rkR//5K5ovmP35AyrpIxuYp6RzWz
</ds:X509Certificate>
</ds:X509Data>
<ds:KeyValue>
<ds:RSAKeyValue>
<ds:Modulus>vfXCiMll8fjvqmiVTIpIetC5h09+ymSaItPjeXq4egIJNpIp/aaDrTbyuQXotXeK5EumSSbjc63F&#13;
v9oK3UYbmtNrKYT1kbLN02Ro9yEjHjqlfVv6xGzmFAvRke7kVeur3kerYWeOMnFPz8t4M+cGceCn&#13;
Co0RW605f/9+Zy7yWOxKYWawRHrzCeSPcOMEUgq8XyDPVuTXWdMh+SLPxVSwuIgb0pgBP8/kD2Bo&#13;
vEJSLC1EVd0AjdBx4S0D+e31//Ge+XH0e5FL3YazoEgsmuGkDSSDCrADUHOS7f+P0hptw3vwxMiO&#13;
bDpATQWO4Ngf6P0s/ehT7UBwT4JAYU1wx7Wk7Q==</ds:Modulus>
<ds:Exponent>AQAB</ds:Exponent>
</ds:RSAKeyValue>
</ds:KeyValue>
</ds:KeyInfo>
<ds:Object><xades:QualifyingProperties xmlns:xades="http://uri.etsi.org/01903/v1.3.2#" xmlns:xades141="http://uri.etsi.org/01903/v1.4.1#" Target="#xmldsig-90637596-e368-4bd0-bcf8-d9a7be617d9a"><xades:SignedProperties Id="xmldsig-90637596-e368-4bd0-bcf8-d9a7be617d9a-signedprops"><xades:SignedSignatureProperties><xades:SigningTime>2025-02-03T16:15:55.105+01:00</xades:SigningTime><xades:SigningCertificate><xades:Cert><xades:CertDigest><ds:DigestMethod Algorithm="http://www.w3.org/2000/09/xmldsig#sha1"/><ds:DigestValue>tSSDv7r41SAdEZ1/5u61PjmIYxo=</ds:DigestValue></xades:CertDigest><xades:IssuerSerial><ds:X509IssuerName>cn=AC FNMT Usuarios,ou=Ceres,o=FNMT-RCM,c=ES</ds:X509IssuerName><ds:X509SerialNumber>80044384284793334134753462931839354305</ds:X509SerialNumber></xades:IssuerSerial></xades:Cert><xades:Cert><xades:CertDigest><ds:DigestMethod Algorithm="http://www.w3.org/2000/09/xmldsig#sha1"/><ds:DigestValue>gIty5DtXTPWHfLhBqN+IOW04q5Q=</ds:DigestValue></xades:CertDigest><xades:IssuerSerial><ds:X509IssuerName>ou=AC RAIZ FNMT-RCM,o=FNMT-RCM,c=ES</ds:X509IssuerName><ds:X509SerialNumber>92211194145327068339343264961472359387</ds:X509SerialNumber></xades:IssuerSerial></xades:Cert><xades:Cert><xades:CertDigest><ds:DigestMethod Algorithm="http://www.w3.org/2000/09/xmldsig#sha1"/><ds:DigestValue>7FA1B7IVxJViGeKomltCmSxMLCA=</ds:DigestValue></xades:CertDigest><xades:IssuerSerial><ds:X509IssuerName>ou=AC RAIZ FNMT-RCM,o=FNMT-RCM,c=ES</ds:X509IssuerName><ds:X509SerialNumber>485876308206448804701554682760554759</ds:X509SerialNumber></xades:IssuerSerial></xades:Cert></xades:SigningCertificate><xades:SignaturePolicyIdentifier><xades:SignaturePolicyId><xades:SigPolicyId><xades:Identifier>urn:oid:2.16.724.1.3.1.1.2.1.9</xades:Identifier><xades:Description/></xades:SigPolicyId><xades:SigPolicyHash><ds:DigestMethod Algorithm="http://www.w3.org/2000/09/xmldsig#sha1"/><ds:DigestValue>G7roucf600+f03r/o0bAOQ6WAs0=</ds:DigestValue></xades:SigPolicyHash><xades:SigPolicyQualifiers><xades:SigPolicyQualifier><xades:SPURI>https://sede.administracion.gob.es/politica_de_firma_anexo_1.pdf</xades:SPURI></xades:SigPolicyQualifier></xades:SigPolicyQualifiers></xades:SignaturePolicyId></xades:SignaturePolicyIdentifier></xades:SignedSignatureProperties><xades:SignedDataObjectProperties><xades:DataObjectFormat ObjectReference="#xmldsig-90637596-e368-4bd0-bcf8-d9a7be617d9a-ref0"><xades:ObjectIdentifier><xades:Identifier>urn:oid:1.2.840.10003.5.109.10</xades:Identifier><xades:Description/></xades:ObjectIdentifier><xades:MimeType>text/xml</xades:MimeType><xades:Encoding>UTF-8</xades:Encoding></xades:DataObjectFormat></xades:SignedDataObjectProperties></xades:SignedProperties></xades:QualifyingProperties></ds:Object>
</ds:Signature></sum1:RegistroAlta>